{
    "description": "Grid 4 (Discount = 1.0, Iterations = 10)",
    "input_kwargs": {
        "env": "GridEnv.from_file('grids/grid4.json')",
        "discount_factor": "1.0",
        "iterations": "10"
    },
    "comparison_args": [
        "{(0, 1): 8.203882568000001, (1, 2): 7.265859060800001, (2, 1): 9.604886564000001, (0, 0): 8.444767963100002, (1, 1): 8.4592365456, (0, 2): 6.949603503200001, (2, 2): 8.2258046808, (1, 0): 9.604886564000001}",
        "{(0, 1): 'U', (1, 2): 'U', (2, 1): 'U', (0, 0): 'U', (1, 1): 'U', (0, 2): 'U', (2, 2): 'U', (1, 0): 'R'}",
        "'grids/grid4.json'"
    ]
}