{
    "description": "Grid 3 (Discount = 1.0, Iterations = 10)",
    "input_kwargs": {
        "env": "GridEnv.from_file('grids/grid3.json')",
        "discount_factor": "1.0",
        "iterations": "10"
    },
    "comparison_args": [
        "{(0, 1): 25.781224407200003, (1, 2): 17.170110935200004, (2, 1): 16.398120678400005, (0, 0): 26.7038921012, (1, 1): 21.428248549600003, (0, 2): 20.949870649600005, (2, 2): 13.359353926400003, (1, 0): 25.781224518400002}",
        "{(0, 1): 'U', (1, 2): 'L', (2, 1): 'L', (0, 0): 'UL', (1, 1): 'L', (0, 2): 'U', (2, 2): 'L', (1, 0): 'L'}",
        "'grids/grid3.json'"
    ]
}