{
    "description": "Grid 1 (Discount = 1.0, Iterations = 10)",
    "input_kwargs": {
        "env": "GridEnv.from_file('grids/grid1.json')",
        "discount_factor": "1.0",
        "iterations": "10"
    },
    "comparison_args": [
        "{(0, 1): 0.9645725696, (1, 2): 0.8927371776, (2, 1): 0.8090149224, (0, 0): 0.9719951616, (2, 0): 0.9795587072, (0, 2): 0.9374610432, (2, 2): 0.8223797872, (1, 0): 0.9770421248, (3, 2): 0.55671716}",
        "{(0, 1): 'U', (1, 2): 'L', (2, 1): 'L', (0, 0): 'R', (2, 0): 'U', (0, 2): 'U', (2, 2): 'L', (1, 0): 'R', (3, 2): 'L'}",
        "'grids/grid1.json'"
    ]
}