{
    "description": "Grid 2 (Discount = 1.0, Iterations = 10)",
    "input_kwargs": {
        "env": "GridEnv.from_file('grids/grid2.json')",
        "discount_factor": "1.0",
        "iterations": "10"
    },
    "comparison_args": [
        "{(0, 1): 0.9949151232, (2, 4): 0.998023168, (4, 0): 0.988939008, (1, 2): 0.9999998976, (3, 4): 0.9949151232, (0, 4): 0.988939008, (4, 3): 0.9949151232, (2, 1): 0.9999998976, (0, 2): 0.998023168, (1, 0): 0.9949151232, (3, 2): 0.9999998976, (4, 1): 0.9949151232, (4, 4): 0.988939008, (0, 0): 0.988939008, (0, 3): 0.9949151232, (2, 0): 0.998023168, (4, 2): 0.998023168, (3, 0): 0.9949151232, (1, 4): 0.9949151232, (2, 3): 0.9999998976}",
        "{(0, 1): 'D', (2, 4): 'U', (4, 0): 'DL', (1, 2): 'R', (3, 4): 'L', (0, 4): 'UR', (4, 3): 'U', (2, 1): 'D', (0, 2): 'R', (1, 0): 'R', (3, 2): 'L', (4, 1): 'D', (4, 4): 'UL', (0, 0): 'DR', (0, 3): 'U', (2, 0): 'D', (4, 2): 'L', (3, 0): 'L', (1, 4): 'R', (2, 3): 'U'}",
        "'grids/grid2.json'"
    ]
}