{
    "description": "Grid 1 (Discount = 1.0, Iterations = 10)",
    "input_kwargs": {
        "env": "GridEnv.from_file('grids/grid1.json')",
        "discount_factor": "1.0",
        "iterations": "1000",
        "tolerance": "1e-18"
    },
    "comparison_args": [
        "{(0, 1): 1, (1, 2): 1, (2, 1): 1, (0, 0): 1, (2, 0): 1, (0, 2): 1, (2, 2): 1, (1, 0): 1, (3, 2): 1}",
        "{(0, 1): 'U', (1, 2): 'U', (2, 1): 'L', (0, 0): 'U', (2, 0): 'U', (0, 2): 'U', (2, 2): 'D', (1, 0): 'U', (3, 2): 'D'}",
        "'grids/grid1.json'",
        "'value < 400'"
    ]
}