{
    "description": "Grid 1 (Discount = 0.5, Iterations = 10)",
    "input_kwargs": {
        "env": "GridEnv.from_file('grids/grid1.json')",
        "discount_factor": "0.5",
        "iterations": "10"
    },
    "comparison_args": [
        "{(0, 1): 0.0728535276, (1, 2): 0.04656259895, (2, 1): 0.25495743601796883, (0, 0): 0.16393096445, (2, 0): 0.8555240541796876, (0, 2): 0.0331152604, (2, 2): 0.10478034631875002, (1, 0): 0.3802328141687501, (3, 2): 0.009470093018750002}",
        "{(0, 1): 'U', (1, 2): 'R', (2, 1): 'U', (0, 0): 'R', (2, 0): 'R', (0, 2): 'U', (2, 2): 'U', (1, 0): 'R', (3, 2): 'D'}",
        "'grids/grid1.json'"
    ]
}