{
    "description": "Wrapped around and ate 2 apples",
    "input_kwargs": {
        "env": "load_function('snake.SnakeEnv')(5, 5)",
        "trajectory": "[Direction.DOWN, Direction.RIGHT, Direction.NONE, Direction.NONE, Direction.UP, Direction.NONE, Direction.NONE]"
    },
    "comparison_args": [
        "((Point(0,0), Point(0,1), Point(0,2)), Direction.UP, Point(2,1))",
        "[0, 0, 1, 0, 0, 0, 1]",
        "False",
        "[Direction.NONE, Direction.LEFT, Direction.RIGHT]"
    ]
}