{
    "description": "Empty Puzzle",
    "function": "test_tools.run_forward_checking",
    "comparator": "test_tools.compare_forward_checking_results",
    "input_args": [
        "'CSP_solver.forward_checking'",
        "SudokuProblem.from_file('sudoku/sudoku_4x4_1.txt')",
        "[('(0, 0)', 1), ('(0, 1)', 2), ('(1, 0)', 3), ('(1, 1)', 4)]"
    ],
    "comparison_args": [
        "SudokuProblem.from_file('sudoku/sudoku_4x4_1.txt')",
        "(True, {'(0, 1)': {2,3,4}, '(0, 2)': {2,3,4}, '(0, 3)': {2,3,4}, '(1, 0)': {2,3,4},  '(1, 1)': {2,3,4},  '(1, 2)': {1,2,3,4},  '(1, 3)': {1,2,3,4},  '(2, 0)': {2,3,4},  '(2, 1)': {1,2,3,4}, '(2, 2)': {1,2,3,4}, '(2, 3)': {1,2,3,4}, '(3, 0)': {2,3,4}, '(3, 1)': {1,2,3,4}, '(3, 2)': {1,2,3,4}, '(3, 3)': {1,2,3,4}, })",
        "(True, {'(0, 2)': {3,4}, '(0, 3)': {3,4}, '(1, 0)': {3,4},  '(1, 1)': {3,4},  '(1, 2)': {1,2,3,4},  '(1, 3)': {1,2,3,4},  '(2, 0)': {2,3,4},  '(2, 1)': {1,3,4}, '(2, 2)': {1,2,3,4}, '(2, 3)': {1,2,3,4}, '(3, 0)': {2,3,4}, '(3, 1)': {1,3,4}, '(3, 2)': {1,2,3,4}, '(3, 3)': {1,2,3,4}, })",
        "(True, {'(0, 2)': {3,4}, '(0, 3)': {3,4}, '(1, 1)': {4},  '(1, 2)': {1,2,4},  '(1, 3)': {1,2,4},  '(2, 0)': {2,4},  '(2, 1)': {1,3,4}, '(2, 2)': {1,2,3,4}, '(2, 3)': {1,2,3,4}, '(3, 0)': {2,4}, '(3, 1)': {1,3,4}, '(3, 2)': {1,2,3,4}, '(3, 3)': {1,2,3,4}, })",
        "(True, {'(0, 2)': {3,4}, '(0, 3)': {3,4}, '(1, 2)': {1,2},  '(1, 3)': {1,2},  '(2, 0)': {2,4},  '(2, 1)': {1,3}, '(2, 2)': {1,2,3,4}, '(2, 3)': {1,2,3,4}, '(3, 0)': {2,4}, '(3, 1)': {1,3}, '(3, 2)': {1,2,3,4}, '(3, 3)': {1,2,3,4}, })"
    ]
}