{
    "description": "Empty 9x9",
    "function": "test_tools.run_csp_solve",
    "comparator": "test_tools.compare_csp_solve",
    "input_args": [
        "'CSP_solver.solve'",
        "SudokuProblem.from_file('sudoku/sudoku_9x9_1.txt')"
    ],
    "comparison_args": [
        "SudokuProblem.from_file('sudoku/sudoku_9x9_1.txt')",
        "[(82, {'(0, 0)': 1, '(0, 1)': 2, '(0, 2)': 3, '(0, 3)': 4, '(0, 4)': 5, '(0, 5)': 6, '(0, 6)': 7, '(0, 7)': 8, '(0, 8)': 9, '(1, 0)': 4, '(1, 1)': 5, '(1, 2)': 6, '(1, 6)': 1, '(1, 7)': 2, '(1, 8)': 3, '(1, 3)': 7, '(1, 4)': 8, '(1, 5)': 9, '(2, 0)': 7, '(2, 1)': 8, '(2, 2)': 9, '(2, 3)': 1, '(2, 4)': 2, '(2, 5)': 3, '(2, 6)': 4, '(2, 7)': 5, '(2, 8)': 6, '(3, 0)': 2, '(3, 2)': 5, '(3, 3)': 8, '(3, 5)': 1, '(3, 8)': 4, '(3, 6)': 3, '(3, 1)': 6, '(3, 4)': 7, '(3, 7)': 9, '(4, 0)': 3, '(5, 0)': 8, '(4, 2)': 1, '(4, 7)': 7, '(4, 1)': 9, '(4, 4)': 4, '(4, 5)': 2, '(5, 5)': 5, '(4, 3)': 6, '(4, 6)': 5, '(4, 8)': 8, '(5, 1)': 4, '(5, 2)': 7, '(5, 3)': 3, '(5, 4)': 9, '(5, 6)': 2, '(5, 8)': 1, '(5, 7)': 6, '(6, 0)': 5, '(6, 3)': 9, '(6, 6)': 6, '(6, 4)': 1, '(6, 1)': 3, '(6, 7)': 4, '(6, 2)': 2, '(6, 8)': 7, '(6, 5)': 8, '(7, 0)': 6, '(7, 4)': 3, '(7, 7)': 1, '(7, 1)': 7, '(7, 5)': 4, '(7, 2)': 8, '(7, 6)': 9, '(8, 0)': 9, '(8, 1)': 1, '(8, 2)': 4, '(8, 4)': 6, '(8, 5)': 7, '(8, 6)': 8, '(8, 7)': 3, '(7, 3)': 2, '(7, 8)': 5, '(8, 3)': 5, '(8, 8)': 2})]"
    ]
}