{
    "description": "Level 1",
    "function": "test_tools.run_uninformed_search_for_sokoban",
    "comparator": "test_tools.compare_search_results_for_sokoban",
    "input_args": [
        "'search.DepthFirstSearch'",
        "SokobanProblem.from_file('levels/level1.txt')"
    ],
    "comparison_args": [
        "[('DRDDLUDRUULLLDDLLUUUURDDLDDRUUDDLUUURDDDLUUUURRDDLDDRUDLLUUUURDDRRR', 349), ('RDDDLURULLLUULLDRDRUULLDDDRURUULLDDDDRRUULUURDULLDRDRRR', 193), ('DRDDLUURUULDRDLLLDDLLUURRRR', 442), ('RDDDLURULLLUULLDDRRRR', 55)]",
        "'levels/level1.txt'"
    ]
}