{
    "description": "Grid 6 (Question 1)",
    "input_kwargs": {
        "env": "GridEnv.from_file('grids/grid6.json')",
        "options_fn": "load_function('options.question2_1')"
    },
    "comparison_args": [
        "{(0, 1): 'UDLR', (4, 0): 'UDLR', (2, 1): 'UDLR', (4, 3): 'UDLR', (3, 1): 'UDLR', (4, 1): 'UDLR', (0, 0): 'UDLR', (0, 3): 'R', (2, 0): 'UDLR', (3, 0): 'UDLR', (2, 3): 'U', (0, 2): 'D', (3, 3): 'UDLR', (1, 0): 'UDLR', (1, 3): 'R'}",
        "'grids/grid6.json'"
    ]
}