{
    "description": "Grid 4 (Discount = 1.0, Iterations = 2000, Step-Limit = 20, Exploration = 25%)",
    "input_kwargs": {
        "agent": "load_function('reinforcement_learning.ApproximateQLearningAgent')(GridFeatureExtractor(), ACTIONS, 1.0, 0.25, 0.1, 1234)",
        "training_loop": "q_agent_training_loop",
        "env": "GridEnv.from_file('grids/grid4.json', Point(0,2))",
        "iterations": "2000",
        "step_limit": "20",
        "seed": "1234"
    },
    "comparison_args": [
        "{'L': {'X': 2.4240862733844413, 'Y': 0.550126264394814, '1': 4.856525435972432}, 'R': {'X': 3.1118830712822376, 'Y': -2.581709641877796, '1': 8.32063012249193}, 'D': {'X': 3.146393136881582, 'Y': 1.2367420449738782, '1': 4.978837358987167}, 'U': {'X': 5.419957872702717, 'Y': -2.7176252756680466, '1': 7.1274506761206196}}",
        "{(0, 0): 'R', (0, 1): 'R', (0, 2): 'R', (1, 0): 'R', (1, 1): 'R', (1, 2): 'R', (2, 0): 'U', (2, 1): 'U', (2, 2): 'U'}",
        "'grids/grid4.json'"
    ]
}