{
    "description": "Grid 1 (Discount = 1.0, Iterations = 2000, Step-Limit = 20, Exploration = 25%)",
    "input_kwargs": {
        "agent": "load_function('reinforcement_learning.ApproximateQLearningAgent')(GridFeatureExtractor(), ACTIONS, 1.0, 0.25, 0.1, 1234)",
        "training_loop": "q_agent_training_loop",
        "env": "GridEnv.from_file('grids/grid1.json', Point(0,2))",
        "iterations": "2000",
        "step_limit": "20",
        "seed": "1234"
    },
    "comparison_args": [
        "{'L': {'X': 0.04545867790359415, 'Y': 0.11905625791384701, '1': 0.205325937998704}, 'R': {'X': -0.12855139795117282, 'Y': 0.1593736396949241, '1': 0.20983813370685084}, 'D': {'X': 0.023152136415993407, 'Y': 0.09758610639529385, '1': 0.253279426873007}, 'U': {'X': -0.4065189699587786, 'Y': 0.011794432771109177, '1': 0.0808370907986842}}",
        "{(0, 0): 'D', (0, 1): 'D', (0, 2): 'D', (1, 0): 'D', (1, 2): 'D', (2, 0): 'D', (2, 1): 'D', (2, 2): 'D', (3, 0): 'D', (3, 1): 'D', (3, 2): 'D'}",
        "'grids/grid1.json'"
    ]
}