{
    "description": "Grid 3 (Discount = 1.0, Iterations = 10, Exploration = 50%)",
    "input_kwargs": {
        "agent": "load_function('reinforcement_learning.ApproximateQLearningAgent')(GridFeatureExtractor(), ACTIONS, 1.0, 0.5, 0.1, 1234)",
        "training_loop": "q_agent_training_loop",
        "env": "GridEnv.from_file('grids/grid3.json', Point(0,2))",
        "iterations": "10",
        "step_limit": "-1",
        "seed": "1234"
    },
    "comparison_args": [
        "{'L': {'X': -0.0662880658436214, 'Y': -0.16590946502057613, '1': -0.29886419753086424}, 'R': {'X': 0.0, 'Y': -0.13333333333333333, '1': -0.2}, 'D': {'X': -0.06666666666666667, 'Y': -0.1337037037037037, '1': -0.3011111111111111}, 'U': {'X': -0.061481481481481484, 'Y': -0.12296296296296297, '1': -0.18444444444444447}}",
        "{(0, 1): 'U', (1, 2): 'U', (2, 1): 'R', (0, 0): 'U', (1, 1): 'R', (0, 2): 'U', (2, 2): 'R', (1, 0): 'R'}",
        "'grids/grid3.json'"
    ]
}