{
    "description": "Grid 2 (Discount = 1.0, Iterations = 4000, Step-limit = 100, Exploration = 25%)",
    "input_kwargs": {
        "agent": "load_function('reinforcement_learning.ApproximateQLearningAgent')(GridFeatureExtractor(), ACTIONS, 1.0, 0.25, 0.1, 1234)",
        "training_loop": "q_agent_training_loop",
        "env": "GridEnv.from_file('grids/grid2.json')",
        "iterations": "4000",
        "step_limit": "40",
        "seed": "1234"
    },
    "comparison_args": [
        "{'L': {'X': 1.7125440537290622, 'Y': 1.3818877066710602, '1': 2.6289968300985573}, 'R': {'X': 1.4649875152286878, 'Y': 1.4087930151028702, '1': 2.85160580282442}, 'D': {'X': 1.9701636117459917, 'Y': 1.1491122624504844, '1': 2.707339993701066}, 'U': {'X': 1.6975028050412775, 'Y': 1.294593653650634, '1': 2.699213584680785}}",
        "{(0, 0): 'R', (0, 1): 'R', (0, 2): 'R', (0, 3): 'R', (0, 4): 'R', (1, 0): 'R', (1, 2): 'R', (1, 4): 'R', (2, 0): 'D', (2, 1): 'D', (2, 2): 'R', (2, 3): 'R', (2, 4): 'R', (3, 0): 'D', (3, 2): 'D', (3, 4): 'R', (4, 0): 'D', (4, 1): 'D', (4, 2): 'D', (4, 3): 'D', (4, 4): 'D'}",
        "'grids/grid2.json'"
    ]
}